{
  "hash": "826aa763",
  "configHash": "5de6b8e5",
  "lockfileHash": "57ab57b9",
  "browserHash": "00c83880",
  "optimized": {
    "@angular/core": {
      "src": "../../../../../node_modules/@angular/core/fesm2022/core.mjs",
      "file": "@angular_core.js",
      "fileHash": "1d09e02d",
      "needsInterop": false
    },
    "@angular/material/button": {
      "src": "../../../../../node_modules/@angular/material/fesm2022/button.mjs",
      "file": "@angular_material_button.js",
      "fileHash": "d25a4749",
      "needsInterop": false
    },
    "@angular/material/button-toggle": {
      "src": "../../../../../node_modules/@angular/material/fesm2022/button-toggle.mjs",
      "file": "@angular_material_button-toggle.js",
      "fileHash": "bd4f648c",
      "needsInterop": false
    },
    "@angular/material/checkbox": {
      "src": "../../../../../node_modules/@angular/material/fesm2022/checkbox.mjs",
      "file": "@angular_material_checkbox.js",
      "fileHash": "b5b31f40",
      "needsInterop": false
    },
    "@angular/material/core": {
      "src": "../../../../../node_modules/@angular/material/fesm2022/core.mjs",
      "file": "@angular_material_core.js",
      "fileHash": "9a4fb065",
      "needsInterop": false
    },
    "@angular/material/divider": {
      "src": "../../../../../node_modules/@angular/material/fesm2022/divider.mjs",
      "file": "@angular_material_divider.js",
      "fileHash": "0c6509a2",
      "needsInterop": false
    },
    "@angular/material/form-field": {
      "src": "../../../../../node_modules/@angular/material/fesm2022/form-field.mjs",
      "file": "@angular_material_form-field.js",
      "fileHash": "b34dad92",
      "needsInterop": false
    },
    "@angular/material/input": {
      "src": "../../../../../node_modules/@angular/material/fesm2022/input.mjs",
      "file": "@angular_material_input.js",
      "fileHash": "fbca9198",
      "needsInterop": false
    },
    "@angular/material/select": {
      "src": "../../../../../node_modules/@angular/material/fesm2022/select.mjs",
      "file": "@angular_material_select.js",
      "fileHash": "a557e544",
      "needsInterop": false
    },
    "@angular/material/slide-toggle": {
      "src": "../../../../../node_modules/@angular/material/fesm2022/slide-toggle.mjs",
      "file": "@angular_material_slide-toggle.js",
      "fileHash": "84b77228",
      "needsInterop": false
    },
    "@angular/platform-browser": {
      "src": "../../../../../node_modules/@angular/platform-browser/fesm2022/platform-browser.mjs",
      "file": "@angular_platform-browser.js",
      "fileHash": "9b650642",
      "needsInterop": false
    },
    "@angular/platform-browser/animations": {
      "src": "../../../../../node_modules/@angular/platform-browser/fesm2022/animations.mjs",
      "file": "@angular_platform-browser_animations.js",
      "fileHash": "21564921",
      "needsInterop": false
    },
    "@angular/platform-browser/animations/async": {
      "src": "../../../../../node_modules/@angular/platform-browser/fesm2022/animations/async.mjs",
      "file": "@angular_platform-browser_animations_async.js",
      "fileHash": "8c857097",
      "needsInterop": false
    },
    "@angular/router": {
      "src": "../../../../../node_modules/@angular/router/fesm2022/router.mjs",
      "file": "@angular_router.js",
      "fileHash": "ea3573ac",
      "needsInterop": false
    },
    "ngx-toastr": {
      "src": "../../../../../node_modules/ngx-toastr/fesm2022/ngx-toastr.mjs",
      "file": "ngx-toastr.js",
      "fileHash": "81d58221",
      "needsInterop": false
    },
    "@angular/forms": {
      "src": "../../../../../node_modules/@angular/forms/fesm2022/forms.mjs",
      "file": "@angular_forms.js",
      "fileHash": "86d0a125",
      "needsInterop": false
    },
    "@angular/common": {
      "src": "../../../../../node_modules/@angular/common/fesm2022/common.mjs",
      "file": "@angular_common.js",
      "fileHash": "02858042",
      "needsInterop": false
    }
  },
  "chunks": {
    "browser-UCOGHJHA": {
      "file": "browser-UCOGHJHA.js"
    },
    "chunk-3CH6C2TT": {
      "file": "chunk-3CH6C2TT.js"
    },
    "chunk-DI4S3FJ7": {
      "file": "chunk-DI4S3FJ7.js"
    },
    "chunk-PESYFYA4": {
      "file": "chunk-PESYFYA4.js"
    },
    "chunk-DHG6LKIA": {
      "file": "chunk-DHG6LKIA.js"
    },
    "chunk-KAUACHQG": {
      "file": "chunk-KAUACHQG.js"
    },
    "chunk-U6LUOZK4": {
      "file": "chunk-U6LUOZK4.js"
    },
    "chunk-BMBJLD6N": {
      "file": "chunk-BMBJLD6N.js"
    },
    "chunk-VDPCMK5G": {
      "file": "chunk-VDPCMK5G.js"
    },
    "chunk-3GTIAXKT": {
      "file": "chunk-3GTIAXKT.js"
    }
  }
}